INSERT INTO INV_accesos_por_perfiles(id_acceso, id_perfil, f_alta)
  VALUES('ABMC_ADM', 1, '20130924 22:00:00')
GO
INSERT INTO INV_accesos_por_perfiles(id_acceso, id_perfil, f_alta)
  VALUES('ABMC_ADM', 2, '20131104 12:00:00')
GO
INSERT INTO INV_accesos_por_perfiles(id_acceso, id_perfil, f_alta)
  VALUES('ABMC_PRO', 1, '20130924 22:00:00')
GO
INSERT INTO INV_accesos_por_perfiles(id_acceso, id_perfil, f_alta)
  VALUES('ABMC_PRO', 2, '20131104 12:00:00')
GO
INSERT INTO INV_accesos_por_perfiles(id_acceso, id_perfil, f_alta)
  VALUES('ABMC_PRO_BAS', 1, '20140113 10:00:00')
GO
INSERT INTO INV_accesos_por_perfiles(id_acceso, id_perfil, f_alta)
  VALUES('ABMC_PRO_BAS', 2, '20140113 10:00:00')
GO
INSERT INTO INV_accesos_por_perfiles(id_acceso, id_perfil, f_alta)
  VALUES('ABMC_PRO_BAS_CNS', 1, '20140123 18:04:00')
GO
INSERT INTO INV_accesos_por_perfiles(id_acceso, id_perfil, f_alta)
  VALUES('ABMC_PRO_BAS_CNS', 2, '20140123 18:04:00')
GO
INSERT INTO INV_accesos_por_perfiles(id_acceso, id_perfil, f_alta)
  VALUES('ABMC_PRO_BAS_INS', 1, '20140122 11:39:00')
GO
INSERT INTO INV_accesos_por_perfiles(id_acceso, id_perfil, f_alta)
  VALUES('ABMC_PRO_BAS_UPD', 1, '20140122 11:39:00')
GO
INSERT INTO INV_accesos_por_perfiles(id_acceso, id_perfil, f_alta)
  VALUES('ABMC_PRO_PRE', 1, '20140113 10:00:00')
GO
INSERT INTO INV_accesos_por_perfiles(id_acceso, id_perfil, f_alta)
  VALUES('ABMC_PRO_PRE', 2, '20140113 10:00:00')
GO
INSERT INTO INV_accesos_por_perfiles(id_acceso, id_perfil, f_alta)
  VALUES('ABMC_PRO_PRE_CNS', 1, '20140123 18:04:00')
GO
INSERT INTO INV_accesos_por_perfiles(id_acceso, id_perfil, f_alta)
  VALUES('ABMC_PRO_PRE_CNS', 2, '20140123 18:04:00')
GO
INSERT INTO INV_accesos_por_perfiles(id_acceso, id_perfil, f_alta)
  VALUES('ABMC_PRO_PRE_INS', 1, '20140122 11:39:00')
GO
INSERT INTO INV_accesos_por_perfiles(id_acceso, id_perfil, f_alta)
  VALUES('ABMC_PRO_PRE_UPD', 1, '20140122 11:39:00')
GO
INSERT INTO INV_accesos_por_perfiles(id_acceso, id_perfil, f_alta)
  VALUES('ABMC_PRO_SEC', 1, '20140113 10:00:00')
GO
INSERT INTO INV_accesos_por_perfiles(id_acceso, id_perfil, f_alta)
  VALUES('ABMC_PRO_SEC', 2, '20140113 10:00:00')
GO
INSERT INTO INV_accesos_por_perfiles(id_acceso, id_perfil, f_alta)
  VALUES('ABMC_PRO_SEC_CNS', 1, '20140123 18:04:00')
GO
INSERT INTO INV_accesos_por_perfiles(id_acceso, id_perfil, f_alta)
  VALUES('ABMC_PRO_SEC_CNS', 2, '20140123 18:04:00')
GO
INSERT INTO INV_accesos_por_perfiles(id_acceso, id_perfil, f_alta)
  VALUES('ABMC_PRO_SEC_INS', 1, '20140122 11:39:00')
GO
INSERT INTO INV_accesos_por_perfiles(id_acceso, id_perfil, f_alta)
  VALUES('ABMC_PRO_SEC_UPD', 1, '20140122 11:39:00')
GO
INSERT INTO INV_accesos_por_perfiles(id_acceso, id_perfil, f_alta)
  VALUES('ABMC_PRV', 1, '20140112 13:09:00')
GO
INSERT INTO INV_accesos_por_perfiles(id_acceso, id_perfil, f_alta)
  VALUES('ABMC_PRV', 2, '20140112 13:10:00')
GO
INSERT INTO INV_accesos_por_perfiles(id_acceso, id_perfil, f_alta)
  VALUES('ABMC_PRV_BAS', 1, '20140112 13:09:00')
GO
INSERT INTO INV_accesos_por_perfiles(id_acceso, id_perfil, f_alta)
  VALUES('ABMC_PRV_BAS', 2, '20140112 13:10:00')
GO
INSERT INTO INV_accesos_por_perfiles(id_acceso, id_perfil, f_alta)
  VALUES('ABMC_PRV_BAS_CNS', 1, '20140123 18:04:00')
GO
INSERT INTO INV_accesos_por_perfiles(id_acceso, id_perfil, f_alta)
  VALUES('ABMC_PRV_BAS_CNS', 2, '20140123 18:04:00')
GO
INSERT INTO INV_accesos_por_perfiles(id_acceso, id_perfil, f_alta)
  VALUES('ABMC_PRV_BAS_INS', 1, '20140122 11:39:00')
GO
INSERT INTO INV_accesos_por_perfiles(id_acceso, id_perfil, f_alta)
  VALUES('ABMC_PRV_BAS_UPD', 1, '20140122 11:39:00')
GO
INSERT INTO INV_accesos_por_perfiles(id_acceso, id_perfil, f_alta)
  VALUES('ABMC_PRV_PER', 1, '20140112 13:09:00')
GO
INSERT INTO INV_accesos_por_perfiles(id_acceso, id_perfil, f_alta)
  VALUES('ABMC_PRV_PER', 2, '20140112 13:10:00')
GO
INSERT INTO INV_accesos_por_perfiles(id_acceso, id_perfil, f_alta)
  VALUES('ABMC_PRV_PER_CNS', 1, '20140123 18:04:00')
GO
INSERT INTO INV_accesos_por_perfiles(id_acceso, id_perfil, f_alta)
  VALUES('ABMC_PRV_PER_CNS', 2, '20140123 18:04:00')
GO
INSERT INTO INV_accesos_por_perfiles(id_acceso, id_perfil, f_alta)
  VALUES('ABMC_PRV_PER_INS', 1, '20140122 11:39:00')
GO
INSERT INTO INV_accesos_por_perfiles(id_acceso, id_perfil, f_alta)
  VALUES('ABMC_PRV_PER_UPD', 1, '20140122 11:39:00')
GO
INSERT INTO INV_accesos_por_perfiles(id_acceso, id_perfil, f_alta)
  VALUES('ABMC_PRV_VAL', 1, '20140112 13:09:00')
GO
INSERT INTO INV_accesos_por_perfiles(id_acceso, id_perfil, f_alta)
  VALUES('ABMC_PRV_VAL', 2, '20140112 13:10:00')
GO
INSERT INTO INV_accesos_por_perfiles(id_acceso, id_perfil, f_alta)
  VALUES('ABMC_PRV_VAL_CNS', 1, '20140123 18:04:00')
GO
INSERT INTO INV_accesos_por_perfiles(id_acceso, id_perfil, f_alta)
  VALUES('ABMC_PRV_VAL_CNS', 2, '20140123 18:04:00')
GO
INSERT INTO INV_accesos_por_perfiles(id_acceso, id_perfil, f_alta)
  VALUES('ABMC_PRV_VAL_INS', 1, '20140122 11:39:00')
GO
INSERT INTO INV_accesos_por_perfiles(id_acceso, id_perfil, f_alta)
  VALUES('ABMC_PRV_VAL_UPD', 1, '20140122 11:39:00')
GO
INSERT INTO INV_accesos_por_perfiles(id_acceso, id_perfil, f_alta)
  VALUES('ABMC_SEC', 1, '20140113 10:00:00')
GO
INSERT INTO INV_accesos_por_perfiles(id_acceso, id_perfil, f_alta)
  VALUES('ABMC_SEC', 2, '20140113 10:00:00')
GO
INSERT INTO INV_accesos_por_perfiles(id_acceso, id_perfil, f_alta)
  VALUES('ABMC_SEC_CNS', 1, '20140123 18:04:00')
GO
INSERT INTO INV_accesos_por_perfiles(id_acceso, id_perfil, f_alta)
  VALUES('ABMC_SEC_CNS', 2, '20140123 18:04:00')
GO
INSERT INTO INV_accesos_por_perfiles(id_acceso, id_perfil, f_alta)
  VALUES('ABMC_SEC_INS', 1, '20140122 11:39:00')
GO
INSERT INTO INV_accesos_por_perfiles(id_acceso, id_perfil, f_alta)
  VALUES('ABMC_SEC_UPD', 1, '20140122 11:39:00')
GO
INSERT INTO INV_accesos_por_perfiles(id_acceso, id_perfil, f_alta)
  VALUES('ABMC_TAB', 1, '20140113 10:00:00')
GO
INSERT INTO INV_accesos_por_perfiles(id_acceso, id_perfil, f_alta)
  VALUES('ABMC_TAB', 2, '20140113 10:00:00')
GO
INSERT INTO INV_accesos_por_perfiles(id_acceso, id_perfil, f_alta)
  VALUES('ABMC_TAB_CNS', 1, '20140123 18:04:00')
GO
INSERT INTO INV_accesos_por_perfiles(id_acceso, id_perfil, f_alta)
  VALUES('ABMC_TAB_CNS', 2, '20140123 18:04:00')
GO
INSERT INTO INV_accesos_por_perfiles(id_acceso, id_perfil, f_alta)
  VALUES('ABMC_TAB_INS', 1, '20140122 10:33:00')
GO
INSERT INTO INV_accesos_por_perfiles(id_acceso, id_perfil, f_alta)
  VALUES('ABMC_TAB_UPD', 1, '20140122 10:33:00')
GO
INSERT INTO INV_accesos_por_perfiles(id_acceso, id_perfil, f_alta)
  VALUES('ABMC_USU', 1, '20130924 22:00:00')
GO
INSERT INTO INV_accesos_por_perfiles(id_acceso, id_perfil, f_alta)
  VALUES('ALTA_USU', 1, '20131030 00:00:00')
GO
INSERT INTO INV_accesos_por_perfiles(id_acceso, id_perfil, f_alta)
  VALUES('AMBC_PAR', 1, '20130924 22:00:00')
GO
INSERT INTO INV_accesos_por_perfiles(id_acceso, id_perfil, f_alta)
  VALUES('BIENVENIDA', 1, '20130924 22:00:00')
GO
INSERT INTO INV_accesos_por_perfiles(id_acceso, id_perfil, f_alta)
  VALUES('BIENVENIDA', 2, '20131104 12:00:00')
GO
INSERT INTO INV_accesos_por_perfiles(id_acceso, id_perfil, f_alta)
  VALUES('CAMBIO_CLAVE', 1, '20131030 00:00:00')
GO
INSERT INTO INV_accesos_por_perfiles(id_acceso, id_perfil, f_alta)
  VALUES('CAMBIO_CLAVE', 2, '20131030 00:00:00')
GO
INSERT INTO INV_accesos_por_perfiles(id_acceso, id_perfil, f_alta)
  VALUES('CONSULTAS', 1, '20130924 22:00:00')
GO
INSERT INTO INV_accesos_por_perfiles(id_acceso, id_perfil, f_alta)
  VALUES('CONSULTAS', 2, '20131104 12:00:00')
GO
INSERT INTO INV_accesos(id_acceso, d_acceso, id_menu)
  VALUES('ABMC_ADM', 'Administracion', 2)
GO
INSERT INTO INV_accesos(id_acceso, d_acceso, id_menu)
  VALUES('ABMC_PRO', 'Productos', 9)
GO
INSERT INTO INV_accesos(id_acceso, d_acceso, id_menu)
  VALUES('ABMC_PRO_BAS', 'Datos Basicos', 12)
GO
INSERT INTO INV_accesos(id_acceso, d_acceso, id_menu)
  VALUES('ABMC_PRO_BAS_CNS', 'Consultar registros en Productos', NULL)
GO
INSERT INTO INV_accesos(id_acceso, d_acceso, id_menu)
  VALUES('ABMC_PRO_BAS_DEL', 'Eliminar registros en Productos', NULL)
GO
INSERT INTO INV_accesos(id_acceso, d_acceso, id_menu)
  VALUES('ABMC_PRO_BAS_INS', 'Insertar registros en Productos', NULL)
GO
INSERT INTO INV_accesos(id_acceso, d_acceso, id_menu)
  VALUES('ABMC_PRO_BAS_UPD', 'Editar registros en Productos', NULL)
GO
INSERT INTO INV_accesos(id_acceso, d_acceso, id_menu)
  VALUES('ABMC_PRO_PRE', 'Precios', 13)
GO
INSERT INTO INV_accesos(id_acceso, d_acceso, id_menu)
  VALUES('ABMC_PRO_PRE_CNS', 'Consultar registros en Precios Productos', NULL)
GO
INSERT INTO INV_accesos(id_acceso, d_acceso, id_menu)
  VALUES('ABMC_PRO_PRE_DEL', 'Eliminar registros en Precios Productos', NULL)
GO
INSERT INTO INV_accesos(id_acceso, d_acceso, id_menu)
  VALUES('ABMC_PRO_PRE_INS', 'Insertar registros en Precios Productos', NULL)
GO
INSERT INTO INV_accesos(id_acceso, d_acceso, id_menu)
  VALUES('ABMC_PRO_PRE_UPD', 'Editar registros en Precios Productos', NULL)
GO
INSERT INTO INV_accesos(id_acceso, d_acceso, id_menu)
  VALUES('ABMC_PRO_SEC', 'Sectores', 14)
GO
INSERT INTO INV_accesos(id_acceso, d_acceso, id_menu)
  VALUES('ABMC_PRO_SEC_CNS', 'Consultar registros en Valores Productos', NULL)
GO
INSERT INTO INV_accesos(id_acceso, d_acceso, id_menu)
  VALUES('ABMC_PRO_SEC_DEL', 'Eliminar registros en Valores Productos', NULL)
GO
INSERT INTO INV_accesos(id_acceso, d_acceso, id_menu)
  VALUES('ABMC_PRO_SEC_INS', 'Insertar registros en Valores Productos', NULL)
GO
INSERT INTO INV_accesos(id_acceso, d_acceso, id_menu)
  VALUES('ABMC_PRO_SEC_UPD', 'Editar registros en Valores Productos', NULL)
GO
INSERT INTO INV_accesos(id_acceso, d_acceso, id_menu)
  VALUES('ABMC_PRV', 'Proveedores', 3)
GO
INSERT INTO INV_accesos(id_acceso, d_acceso, id_menu)
  VALUES('ABMC_PRV_BAS', 'Datos Basicos', 6)
GO
INSERT INTO INV_accesos(id_acceso, d_acceso, id_menu)
  VALUES('ABMC_PRV_BAS_CNS', 'Consultar registros en Proveedores', NULL)
GO
INSERT INTO INV_accesos(id_acceso, d_acceso, id_menu)
  VALUES('ABMC_PRV_BAS_DEL', 'Eliminar registros en Proveedores', NULL)
GO
INSERT INTO INV_accesos(id_acceso, d_acceso, id_menu)
  VALUES('ABMC_PRV_BAS_INS', 'Insertar registros en Proveedores', NULL)
GO
INSERT INTO INV_accesos(id_acceso, d_acceso, id_menu)
  VALUES('ABMC_PRV_BAS_UPD', 'Editar registros en Proveedores', NULL)
GO
INSERT INTO INV_accesos(id_acceso, d_acceso, id_menu)
  VALUES('ABMC_PRV_PER', 'Periodos Facturacion', 7)
GO
INSERT INTO INV_accesos(id_acceso, d_acceso, id_menu)
  VALUES('ABMC_PRV_PER_CNS', 'Consultar registros en Periodos Proveedo', NULL)
GO
INSERT INTO INV_accesos(id_acceso, d_acceso, id_menu)
  VALUES('ABMC_PRV_PER_DEL', 'Eliminar registros en Periodos Proveedor', NULL)
GO
INSERT INTO INV_accesos(id_acceso, d_acceso, id_menu)
  VALUES('ABMC_PRV_PER_INS', 'Insertar registros en Periodos Proveedor', NULL)
GO
INSERT INTO INV_accesos(id_acceso, d_acceso, id_menu)
  VALUES('ABMC_PRV_PER_UPD', 'Editar registros en Periodos Proveedores', NULL)
GO
INSERT INTO INV_accesos(id_acceso, d_acceso, id_menu)
  VALUES('ABMC_PRV_VAL', 'Valores Monetarios', 8)
GO
INSERT INTO INV_accesos(id_acceso, d_acceso, id_menu)
  VALUES('ABMC_PRV_VAL_CNS', 'Consultar registros en Valores Proveedor', NULL)
GO
INSERT INTO INV_accesos(id_acceso, d_acceso, id_menu)
  VALUES('ABMC_PRV_VAL_DEL', 'Eliminar registros en Valores Proveedore', NULL)
GO
INSERT INTO INV_accesos(id_acceso, d_acceso, id_menu)
  VALUES('ABMC_PRV_VAL_INS', 'Insertar registros en Valores Proveedore', NULL)
GO
INSERT INTO INV_accesos(id_acceso, d_acceso, id_menu)
  VALUES('ABMC_PRV_VAL_UPD', 'Editar registros en Valores Proveedores', NULL)
GO
INSERT INTO INV_accesos(id_acceso, d_acceso, id_menu)
  VALUES('ABMC_SEC', 'Sectores', 15)
GO
INSERT INTO INV_accesos(id_acceso, d_acceso, id_menu)
  VALUES('ABMC_SEC_CNS', 'Consultar registros en Sectores', NULL)
GO
INSERT INTO INV_accesos(id_acceso, d_acceso, id_menu)
  VALUES('ABMC_SEC_DEL', 'Eliminar registros en Sectores', NULL)
GO
INSERT INTO INV_accesos(id_acceso, d_acceso, id_menu)
  VALUES('ABMC_SEC_INS', 'Insertar registros en Sectores', NULL)
GO
INSERT INTO INV_accesos(id_acceso, d_acceso, id_menu)
  VALUES('ABMC_SEC_UPD', 'Editar registros en Sectores', NULL)
GO
INSERT INTO INV_accesos(id_acceso, d_acceso, id_menu)
  VALUES('ABMC_TAB', 'Tablas Generales', 16)
GO
INSERT INTO INV_accesos(id_acceso, d_acceso, id_menu)
  VALUES('ABMC_TAB_CNS', 'Consultar registros en Tablas', NULL)
GO
INSERT INTO INV_accesos(id_acceso, d_acceso, id_menu)
  VALUES('ABMC_TAB_DEL', 'Eliminar registros en Tablas', NULL)
GO
INSERT INTO INV_accesos(id_acceso, d_acceso, id_menu)
  VALUES('ABMC_TAB_INS', 'Insertar registros en Tablas', NULL)
GO
INSERT INTO INV_accesos(id_acceso, d_acceso, id_menu)
  VALUES('ABMC_TAB_UPD', 'Editar registros en Tablas', NULL)
GO
INSERT INTO INV_accesos(id_acceso, d_acceso, id_menu)
  VALUES('ABMC_USU', 'Usuarios', 5)
GO
INSERT INTO INV_accesos(id_acceso, d_acceso, id_menu)
  VALUES('ALTA_USU', 'Alta', 10)
GO
INSERT INTO INV_accesos(id_acceso, d_acceso, id_menu)
  VALUES('AMBC_PAR', 'Parámetros', 3)
GO
INSERT INTO INV_accesos(id_acceso, d_acceso, id_menu)
  VALUES('BIENVENIDA', 'Home', 1)
GO
INSERT INTO INV_accesos(id_acceso, d_acceso, id_menu)
  VALUES('CAMBIO_CLAVE', 'Cambiar Clave', 11)
GO
INSERT INTO INV_accesos(id_acceso, d_acceso, id_menu)
  VALUES('CONSULTAS', 'Consultas', 4)
GO
INSERT INTO INV_login_usuarios(usu_d_user, usu_habilitado, usu_estado, usu_ult_acceso, usu_hora_acceso, usu_clave1, usu_clave2, usu_clave3, usu_clave4, usu_int_fallidos, usu_clave)
  VALUES('admin', 'S', 'N', '20131107', '11:05:47', ' ', ' ', ' ', ' ', 0, 'd033e22ae348aeb5660fc2140aec35850c4da997')
GO
INSERT INTO INV_menu(id_menu, d_menu, x_url_menu, id_padre, n_orden, c_usua_alta, f_alta, c_usua_actuac, f_actuac, n_nivel, f_baja)
  VALUES(1, 'Home', 'index.action', NULL, 10, 1, '20130924 22:00:00', NULL, NULL, 1, NULL)
GO
INSERT INTO INV_menu(id_menu, d_menu, x_url_menu, id_padre, n_orden, c_usua_alta, f_alta, c_usua_actuac, f_actuac, n_nivel, f_baja)
  VALUES(2, 'Administracion', '#', NULL, 20, 1, '20130924 22:00:00', NULL, NULL, 1, NULL)
GO
INSERT INTO INV_menu(id_menu, d_menu, x_url_menu, id_padre, n_orden, c_usua_alta, f_alta, c_usua_actuac, f_actuac, n_nivel, f_baja)
  VALUES(3, 'Proveedores', 'javascript:loadContentDiv(''ABMCProveedores.action'')', 2, 10, 1, '20130924 22:00:00', NULL, NULL, 2, NULL)
GO
INSERT INTO INV_menu(id_menu, d_menu, x_url_menu, id_padre, n_orden, c_usua_alta, f_alta, c_usua_actuac, f_actuac, n_nivel, f_baja)
  VALUES(4, 'Consultas', 'javascript:loadContentDiv(''Consultas.action'')', NULL, 40, 1, '20130924 22:00:00', NULL, NULL, 1, '20140112 13:13:00')
GO
INSERT INTO INV_menu(id_menu, d_menu, x_url_menu, id_padre, n_orden, c_usua_alta, f_alta, c_usua_actuac, f_actuac, n_nivel, f_baja)
  VALUES(5, 'Usuarios', '#', NULL, 50, 1, '20130924 22:00:00', NULL, NULL, 1, NULL)
GO
INSERT INTO INV_menu(id_menu, d_menu, x_url_menu, id_padre, n_orden, c_usua_alta, f_alta, c_usua_actuac, f_actuac, n_nivel, f_baja)
  VALUES(6, 'Datos Basicos', 'javascript:loadContentDiv(''ABMCProveedores.action'')', 3, 10, 1, '20130924 22:00:00', NULL, NULL, 3, '20140123 10:31:00')
GO
INSERT INTO INV_menu(id_menu, d_menu, x_url_menu, id_padre, n_orden, c_usua_alta, f_alta, c_usua_actuac, f_actuac, n_nivel, f_baja)
  VALUES(7, 'Periodos Facturacion', 'javascript:loadContentDiv(''ABMCProveedoresPeriodos.action'')', 3, 20, 1, '20130924 22:00:00', NULL, NULL, 3, '20140123 10:31:00')
GO
INSERT INTO INV_menu(id_menu, d_menu, x_url_menu, id_padre, n_orden, c_usua_alta, f_alta, c_usua_actuac, f_actuac, n_nivel, f_baja)
  VALUES(8, 'Valores Monetarios', 'javascript:loadContentDiv(''ABMCProveedoresValores.action'')', 3, 30, 1, '20130924 22:00:00', NULL, NULL, 3, '20140123 10:31:00')
GO
INSERT INTO INV_menu(id_menu, d_menu, x_url_menu, id_padre, n_orden, c_usua_alta, f_alta, c_usua_actuac, f_actuac, n_nivel, f_baja)
  VALUES(9, 'Productos', 'javascript:loadContentDiv(''ABMCProductos.action'')', 2, 30, 1, '20130924 22:00:00', NULL, NULL, 2, NULL)
GO
INSERT INTO INV_menu(id_menu, d_menu, x_url_menu, id_padre, n_orden, c_usua_alta, f_alta, c_usua_actuac, f_actuac, n_nivel, f_baja)
  VALUES(10, 'Alta', 'javascript:loadContentDiv(''ABMCUsuarios.action'')', 5, 10, 1, '20131003 00:00:00', NULL, NULL, 2, NULL)
GO
INSERT INTO INV_menu(id_menu, d_menu, x_url_menu, id_padre, n_orden, c_usua_alta, f_alta, c_usua_actuac, f_actuac, n_nivel, f_baja)
  VALUES(11, 'Cambio de Clave', 'javascript:window.location.href=&quot;ChangePasswordLoggedUser.action&quot;', 2, 50, 1, '20131030 00:00:00', NULL, NULL, 2, NULL)
GO
INSERT INTO INV_menu(id_menu, d_menu, x_url_menu, id_padre, n_orden, c_usua_alta, f_alta, c_usua_actuac, f_actuac, n_nivel, f_baja)
  VALUES(12, 'Datos Basicos', 'javascript:loadContentDiv(''ABMCProductos.action'')', 9, 10, 1, '20140113 10:30:00', NULL, NULL, 3, '20140122 15:15:00')
GO
INSERT INTO INV_menu(id_menu, d_menu, x_url_menu, id_padre, n_orden, c_usua_alta, f_alta, c_usua_actuac, f_actuac, n_nivel, f_baja)
  VALUES(13, 'Precios', 'javascript:loadContentDiv(''ABMCProductosPrecios.action'')', 9, 20, 1, '20140113 10:30:00', NULL, NULL, 3, '20140122 15:15:00')
GO
INSERT INTO INV_menu(id_menu, d_menu, x_url_menu, id_padre, n_orden, c_usua_alta, f_alta, c_usua_actuac, f_actuac, n_nivel, f_baja)
  VALUES(14, 'Sectores', 'javascript:loadContentDiv(''ABMCProductosSectores.action'')', 9, 30, 1, '20140113 10:30:00', NULL, NULL, 3, '20140122 15:15:00')
GO
INSERT INTO INV_menu(id_menu, d_menu, x_url_menu, id_padre, n_orden, c_usua_alta, f_alta, c_usua_actuac, f_actuac, n_nivel, f_baja)
  VALUES(15, 'Sectores', 'javascript:loadContentDiv(''ABMCSectores.action'')', 2, 20, 1, '20140113 10:30:00', NULL, NULL, 2, NULL)
GO
INSERT INTO INV_menu(id_menu, d_menu, x_url_menu, id_padre, n_orden, c_usua_alta, f_alta, c_usua_actuac, f_actuac, n_nivel, f_baja)
  VALUES(16, 'Tablas Generales', 'javascript:loadContentDiv(''ABMCTablasGenerales.action'')', 2, 5, 1, '20140113 10:40:00', NULL, NULL, 2, NULL)
GO
INSERT INTO INV_perfiles(id_perfil, d_perfil, n_nivel_mensaje, c_usua_alta, f_alta, c_usua_actuac, f_actuac)
  VALUES(1, 'ADMIN SISTEMA', 0, 1, '20130924 22:00:00', NULL, NULL)
GO
INSERT INTO INV_perfiles(id_perfil, d_perfil, n_nivel_mensaje, c_usua_alta, f_alta, c_usua_actuac, f_actuac)
  VALUES(2, 'USUARIO', 0, 1, '20131104 00:00:00', NULL, NULL)
GO
INSERT INTO INV_usuarios_perfiles(id_perfil, id_usuario, e_usu_perfil, c_usua_alta, f_alta, c_usua_actuac, f_actuac)
  VALUES(1, 1, 'A', 4, '20131107 11:06:00', NULL, NULL)
GO
INSERT INTO INV_usuarios(id_usuario, d_user, e_usuario, d_nombre, d_apellido, c_usua_alta, f_alta, c_usua_actuac, f_actuac)
  VALUES(1, 'admin', 'A', 'admin', 'admin', 4, '20131107 11:06:00', NULL, NULL)
GO
INSERT INTO TCF001_GENERAL(CD_TABLA, CD_CODTABLA, NB_CODTABLA, NB_CODTABLACORTO, NB_ATRIBUTOTABLA1, NB_ATRIBUTOTABLA2, NB_ATRIBUTOTABLA3, ST_HABILITADO, FH_ALTA, NB_USUARIOALTA, FH_MODIFICACION, NB_USUARIOMODIF)
  VALUES('DESTAB', 'GRUPRO', 'Grupos de Productos', 'Grupos Prod', NULL, NULL, NULL, 'S', '20140121 15:07:58.150', 'admin   ', NULL, NULL)
GO
INSERT INTO TCF001_GENERAL(CD_TABLA, CD_CODTABLA, NB_CODTABLA, NB_CODTABLACORTO, NB_ATRIBUTOTABLA1, NB_ATRIBUTOTABLA2, NB_ATRIBUTOTABLA3, ST_HABILITADO, FH_ALTA, NB_USUARIOALTA, FH_MODIFICACION, NB_USUARIOMODIF)
  VALUES('DESTAB', 'TIPCOM', 'Tipos de Comprobantes', 'Tip Comprob', NULL, NULL, NULL, 'S', '20140121 15:10:11.633', 'admin   ', NULL, NULL)
GO
INSERT INTO TCF001_GENERAL(CD_TABLA, CD_CODTABLA, NB_CODTABLA, NB_CODTABLACORTO, NB_ATRIBUTOTABLA1, NB_ATRIBUTOTABLA2, NB_ATRIBUTOTABLA3, ST_HABILITADO, FH_ALTA, NB_USUARIOALTA, FH_MODIFICACION, NB_USUARIOMODIF)
  VALUES('DESTAB', 'UNIVAL', 'Unidades de Valoracion', 'Uni Val', NULL, NULL, NULL, 'S', '20140115 12:38:35.863', 'admin   ', NULL, NULL)
GO
INSERT INTO TCF001_GENERAL(CD_TABLA, CD_CODTABLA, NB_CODTABLA, NB_CODTABLACORTO, NB_ATRIBUTOTABLA1, NB_ATRIBUTOTABLA2, NB_ATRIBUTOTABLA3, ST_HABILITADO, FH_ALTA, NB_USUARIOALTA, FH_MODIFICACION, NB_USUARIOMODIF)
  VALUES('GRUPRO', 'GR0001', 'Grupo Producto 1', 'Grupo 1', NULL, NULL, NULL, 'S', '20140121 15:10:11.633', 'admin   ', NULL, NULL)
GO
INSERT INTO TCF001_GENERAL(CD_TABLA, CD_CODTABLA, NB_CODTABLA, NB_CODTABLACORTO, NB_ATRIBUTOTABLA1, NB_ATRIBUTOTABLA2, NB_ATRIBUTOTABLA3, ST_HABILITADO, FH_ALTA, NB_USUARIOALTA, FH_MODIFICACION, NB_USUARIOMODIF)
  VALUES('GRUPRO', 'GR0002', 'Grupo Producto 2', 'Grupo 2', ' ', NULL, NULL, 'S', '20140125 10:35:23.466', 'admin   ', '20140125 14:11:12.620', 'admin   ')
GO
INSERT INTO TCF001_GENERAL(CD_TABLA, CD_CODTABLA, NB_CODTABLA, NB_CODTABLACORTO, NB_ATRIBUTOTABLA1, NB_ATRIBUTOTABLA2, NB_ATRIBUTOTABLA3, ST_HABILITADO, FH_ALTA, NB_USUARIOALTA, FH_MODIFICACION, NB_USUARIOMODIF)
  VALUES('TIPCOM', 'CONS  ', 'Archivos de Consumos', 'Consumos', '+', NULL, NULL, 'S', '20140125 00:15:00.250', 'admin   ', '20140127 16:26:17.190', 'admin   ')
GO
INSERT INTO TCF001_GENERAL(CD_TABLA, CD_CODTABLA, NB_CODTABLA, NB_CODTABLACORTO, NB_ATRIBUTOTABLA1, NB_ATRIBUTOTABLA2, NB_ATRIBUTOTABLA3, ST_HABILITADO, FH_ALTA, NB_USUARIOALTA, FH_MODIFICACION, NB_USUARIOMODIF)
  VALUES('TIPCOM', 'FACT  ', 'Factura', 'Factura', '+', NULL, NULL, 'S', '20140121 15:10:11.633', 'admin   ', '20140127 16:30:04.746', 'admin   ')
GO
INSERT INTO TCF001_GENERAL(CD_TABLA, CD_CODTABLA, NB_CODTABLA, NB_CODTABLACORTO, NB_ATRIBUTOTABLA1, NB_ATRIBUTOTABLA2, NB_ATRIBUTOTABLA3, ST_HABILITADO, FH_ALTA, NB_USUARIOALTA, FH_MODIFICACION, NB_USUARIOMODIF)
  VALUES('TIPCOM', 'NCRED ', 'Nota de Credito', 'Nota Cred', '-', NULL, NULL, 'S', '20140125 00:14:17.990', 'admin   ', '20140127 15:35:24.360', 'admin   ')
GO
INSERT INTO TCF001_GENERAL(CD_TABLA, CD_CODTABLA, NB_CODTABLA, NB_CODTABLACORTO, NB_ATRIBUTOTABLA1, NB_ATRIBUTOTABLA2, NB_ATRIBUTOTABLA3, ST_HABILITADO, FH_ALTA, NB_USUARIOALTA, FH_MODIFICACION, NB_USUARIOMODIF)
  VALUES('TIPCOM', 'NDEB  ', 'Nota de Debito', 'Nota Debito', '+', NULL, NULL, 'S', '20140121 15:10:11.633', 'admin   ', NULL, NULL)
GO
INSERT INTO TCF001_GENERAL(CD_TABLA, CD_CODTABLA, NB_CODTABLA, NB_CODTABLACORTO, NB_ATRIBUTOTABLA1, NB_ATRIBUTOTABLA2, NB_ATRIBUTOTABLA3, ST_HABILITADO, FH_ALTA, NB_USUARIOALTA, FH_MODIFICACION, NB_USUARIOMODIF)
  VALUES('UNIVAL', 'UV0001', 'Unidad Valoracion 1', 'Uni Val 1', NULL, NULL, NULL, 'S', '20140121 15:10:11.633', 'admin   ', NULL, NULL)
GO
